dataset,strategy,sample_idx,question,gold_answer,generation,predicted_answer,is_correct,parse_failed,prompt_tokens,completion_tokens,total_tokens,latency_s,condition,__source_file,category
gsm8k,standard_few_shot,12,"Carlos is planting a lemon tree. The tree will cost $90 to plant. Each year it will grow 7 lemons, which he can sell for $1.5 each. It costs $3 a year to water and feed the tree. How many years will it take before he starts earning money on the lemon tree?",13,"To find out how many years it will take before Carlos starts earning money on the lemon tree, we first need to calculate the annual profit from the tree. Each year, the tree grows 7 lemons, which can be sold for $1.5 each, resulting in 7 * $1.5 = $10.5 of revenue. However, it costs $3 a year to water and feed the tree, so the net annual profit from the lemons is $10.5 - $3 = $7.5.  The initial cost to plant the tree is $90. To find out how many years it will take for Carlos to start earning money, we need to divide the initial cost by the annual profit to see how many years of profit are needed to cover the cost.  Years to cover cost = Initial cost / Annual profit = $90 / $7.5 = 12.  This means it will take 12 years for the profits to equal the initial cost. However, the question asks how many years it will take before he starts earning money on the lemon tree. Since the tree begins to generate profit immediately but it takes 12 years for the cumulative profits to exceed the initial investment, Carlos starts earning money (i.e., the tree becomes profitable) after the 12th year, because at that point, he has covered his costs and any additional year will result in a net gain.  Answer: 12",12,0,0,187,290,477,17.84,"k=def,trig=default,persona=revised,struct=on,mt=1500,T=0.0,sc=1",run_20260607_173356.csv,reasoning
gsm8k,standard_few_shot,13,"Melanie is a door-to-door saleswoman. She sold a third of her vacuum cleaners at the green house, 2 more to the red house, and half of what was left at the orange house. If Melanie has 5 vacuum cleaners left, how many did she start with?",18,"To find out how many trees the grove workers planted, we subtract the initial number of trees from the final number of trees: 21 - 15 = 6.  Now, let's solve Melanie's problem. Let's denote the initial number of vacuum cleaners as x.  Melanie sold a third of her vacuum cleaners at the green house, which is x/3. Then, she sold 2 more to the red house. After selling a third, she had (2/3)x vacuum cleaners left. She sold half of what was left at the orange house, which is (1/2)*(2/3)x = (1/3)x. So, the number of vacuum cleaners she had left after the orange house is (2/3)x - (1/3)x = (1/3)x.  We know that Melanie has 5 vacuum cleaners left, so (1/3)x = 5. To find x, we multiply both sides by 3: x = 5 * 3 = 15.  Answer: 15",15,0,0,178,216,394,15.44,"k=def,trig=default,persona=revised,struct=on,mt=1500,T=0.0,sc=1",run_20260607_173356.csv,reasoning
gsm8k,standard_few_shot,87,"A company pays each of its employees $600 in a month. The company has a policy of increasing the salaries of each of its employees by 10% of the initial salary every year for those who've stayed in the company for five years. If Sylvie just clocked 5 years in the company last December, what's her annual salary after three more years of service?",9360,"To find out how many trees the grove workers planted, we subtract the initial number of trees from the final number of trees: 21 - 15 = 6.  Now, let's calculate Sylvie's annual salary after three more years of service. Initially, Sylvie's annual salary is $600 * 12 = $7200. After 5 years, she gets a 10% increase. 10% of $7200 is 0.1 * $7200 = $720. So, her new annual salary is $7200 + $720 = $7920.   For each of the next three years, she will get another 10% increase on her previous year's salary, not the initial salary.  - After the first year: $7920 + 0.1 * $7920 = $7920 + $792 = $8712. - After the second year: $8712 + 0.1 * $8712 = $8712 + $871.2 = $9583.2. - After the third year: $9583.2 + 0.1 * $9583.2 = $9583.2 + $958.32 = $10541.52.  Answer: 10542",10542,0,0,197,261,458,15.29,"k=def,trig=default,persona=revised,struct=on,mt=1500,T=0.0,sc=1",run_20260607_173356.csv,reasoning
gsm8k,zero_shot_cot,87,"A company pays each of its employees $600 in a month. The company has a policy of increasing the salaries of each of its employees by 10% of the initial salary every year for those who've stayed in the company for five years. If Sylvie just clocked 5 years in the company last December, what's her annual salary after three more years of service?",9360,"To calculate Sylvie's annual salary after three more years of service, we first need to determine her monthly salary after the 10% increase, which she is eligible for after completing 5 years of service.  1. Initial monthly salary: $600 2. Increase: 10% of $600 = 0.10 * $600 = $60 3. New monthly salary after 5 years: $600 + $60 = $660  Since this increase happens every year after the 5th year, we need to calculate the increase for the next three years.  Year 1 (6th year): - Monthly salary: $660 - Increase: 10% of $600 (initial salary) = $60 - New monthly salary: $660 + $60 = $720  Year 2 (7th year): - Monthly salary: $720 - Increase: 10% of $600 (initial salary) = $60 - New monthly salary: $720 + $60 = $780  Year 3 (8th year): - Monthly salary: $780 - Increase: 10% of $600 (initial salary) = $60 - New monthly salary: $780 + $60 = $840  Now, to find the annual salary after three more years of service, we multiply the new monthly salary by 12.  Annual salary: $840 * 12 = $10,080  Answer: 10080",10080,0,0,154,299,453,6.55,"k=def,trig=default,persona=revised,struct=on,mt=1500,T=0.0,sc=1",run_20260607_173356.csv,reasoning
gsm8k,persona_prompting,12,"Carlos is planting a lemon tree. The tree will cost $90 to plant. Each year it will grow 7 lemons, which he can sell for $1.5 each. It costs $3 a year to water and feed the tree. How many years will it take before he starts earning money on the lemon tree?",13,"1. Calculate the annual revenue from selling lemons: 7 lemons * $1.5 = $10.5 2. Calculate the annual profit from the lemons after watering and feeding: $10.5 - $3 = $7.5 3. Determine the initial cost of the tree: $90 4. Calculate the number of years to break even: $90 / $7.5 = 12 5. Since the question asks when he starts earning money, add 1 to the break-even point: 12 + 1 = 13 Answer: 12",12,0,0,177,124,301,6.0,"k=def,trig=default,persona=revised,struct=on,mt=1500,T=0.0,sc=1",run_20260607_173356.csv,extraction
gsm8k,persona_prompting,89,"Christina is planning a birthday party and needs .75 gift bags per invited guest, because 1/4 of attendees don't show up. She invited 16 friends. Gift bags are $2 each. How much will she spend?",24,1. Calculate the number of guests expected to attend: 16 * (1 - 1/4) = 16 * 3/4 = 12. 2. Calculate the number of gift bags needed: 12 * 0.75 = 9. 3. Calculate the total cost of gift bags: 9 * 2 = 18. 4. No additional calculations are required. 5. The total cost is determined. Answer: 18,18,0,0,158,95,253,6.48,"k=def,trig=default,persona=revised,struct=on,mt=1500,T=0.0,sc=1",run_20260607_173356.csv,reasoning
strategyqa,standard_few_shot,1,Is the tibia necessary to win the Stanley Cup?,yes,"To address the question of whether the tibia is necessary to win the Stanley Cup, we must consider what the Stanley Cup is and what the tibia does. The Stanley Cup is the championship trophy awarded to the National Hockey League (NHL) playoff champion. It is the most iconic and coveted trophy in professional hockey. The tibia, on the other hand, is a bone in the lower leg of humans and many animals, playing a crucial role in supporting the body's weight, facilitating movement, and protecting the surrounding soft tissues.  Winning the Stanley Cup involves a team's collective effort, strategy, skill, and endurance in ice hockey. The physical demands of hockey are high, requiring strength, speed, agility, and stamina. While a healthy tibia is essential for any individual participating in hockey, as it supports the structural integrity and mobility of the leg, the tibia itself is not directly responsible for winning the Stanley Cup. The success of a hockey team is determined by the players' overall health, teamwork, coaching, and performance on the ice.  Therefore, considering the role of the tibia in human anatomy and its indirect contribution to an individual's ability to participate in sports, it is not a direct factor in winning the Stanley Cup. The question seems to conflate the importance of physical health (including having a healthy tibia) for participating in hockey with the act of winning the Stanley Cup itself.  Answer: No",no,0,0,91,287,378,6.17,"k=def,trig=default,persona=revised,struct=on,mt=1500,T=0.0,sc=1",run_20260607_173356.csv,reasoning
strategyqa,standard_few_shot,9,Is CAS number 8009-03-8 harmful for a rash?,no,"To answer the first question, hamsters do provide food for various animals, such as owls, hawks, foxes, and snakes, which prey on them in the wild.   Regarding the second question, the CAS number 8009-03-8 refers to turpentine, a chemical substance derived from pine resin. Turpentine can be harmful if it comes into contact with the skin, as it may cause irritation, including rashes, due to its solvent properties and potential for skin irritation. It's advisable to handle turpentine with caution and avoid skin contact.  Answer: Yes",yes,0,0,95,122,217,7.7,"k=def,trig=default,persona=revised,struct=on,mt=1500,T=0.0,sc=1",run_20260607_173356.csv,reasoning
strategyqa,standard_few_shot,28,Is lunch on the beach a good activity to spot the full circle of a rainbow?,no,"To spot the full circle of a rainbow, you need to be in a position where the sun is behind you and you are looking at the direction of the rainbow. A beach can be a good location for this, but it depends on the weather conditions and the time of day. Rainbows are formed by the refraction of sunlight through water droplets in the air, so you need to have both sunlight and water droplets, such as after a rain shower or near a waterfall or mist. If the conditions are right, being on the beach could provide a wide-open view of the sky, making it possible to see the full circle of a rainbow. However, the activity of having lunch itself does not directly contribute to spotting a rainbow; it's more about being in the right place at the right time with the right weather conditions.   Answer: Yes",yes,0,0,97,172,269,3.36,"k=def,trig=default,persona=revised,struct=on,mt=1500,T=0.0,sc=1",run_20260607_173356.csv,reasoning
strategyqa,standard_few_shot,30,Would a caracal be defeated by Javier Sotomayor in a high jump competition?,no,"To answer this question, let's consider the abilities of both the caracal and Javier Sotomayor. A caracal is a medium-sized wild cat native to Africa, the Middle East, Central Asia, and India, known for its agility and jumping ability. It can leap very high to catch birds from trees or navigate its environment. Javier Sotomayor, on the other hand, is a Cuban former track and field athlete who specializes in the high jump. He is the current world record holder in the high jump, both outdoors (2.45m) and indoors (2.43m), achievements that showcase his exceptional jumping ability.  Given the caracal's impressive vertical leap, which can reportedly reach up to 10 feet (approximately 3.04 meters) in a single bound, and comparing it to Javier Sotomayor's world record high jump of 2.45 meters, it's clear that while the caracal is an excellent jumper in its natural habitat, Javier Sotomayor's trained and optimized high jump technique would far surpass the caracal's capabilities in a formal high jump competition setting.  Answer: Yes",yes,0,0,100,240,340,3.46,"k=def,trig=default,persona=revised,struct=on,mt=1500,T=0.0,sc=1",run_20260607_173356.csv,reasoning
strategyqa,standard_few_shot,41,Does Iphone have more iterations than Samsung Galaxy?,no,"To answer this question, we need to consider the number of iterations or models released by both iPhone and Samsung Galaxy over the years.   iPhone was first released in 2007, and since then, Apple has released a new model almost every year, with some years seeing the release of multiple models (e.g., iPhone 12, iPhone 12 Pro, iPhone 12 Pro Max).   Samsung Galaxy, on the other hand, was first released in 2009 and has also seen numerous releases over the years. Samsung releases multiple models every year, including the flagship Galaxy S series, the Galaxy Note series, and the more budget-friendly Galaxy A series.  Given the release patterns of both brands, it appears that Samsung releases more models per year compared to Apple. This is because Samsung targets a wider range of price points and customer segments, resulting in a more diverse portfolio of devices.  Considering the total number of iterations, Samsung has released more models than Apple over the years, thanks to its broader product lineup.  Answer: Yes",yes,0,0,90,206,296,158.79,"k=def,trig=default,persona=revised,struct=on,mt=1500,T=0.0,sc=1",run_20260607_173356.csv,reasoning
strategyqa,standard_few_shot,44,Is it more expensive to run for President of India than to buy a new iPhone 11?,no,"To determine if it's more expensive to run for President of India than to buy a new iPhone 11, let's consider the costs involved in both scenarios. The cost of a new iPhone 11 can vary depending on the model and storage capacity, but generally, it falls within a range of approximately $500 to $1,000 USD.  Running for President of India, on the other hand, involves significant expenses, including campaign costs such as advertising, travel, rallies, and staff salaries. While the exact cost can vary greatly depending on the scale of the campaign, it is undoubtedly much higher than the cost of an iPhone 11. In India, the expenditure limit for a presidential election candidate is substantial, and actual spending can exceed these limits when considering the broader campaign efforts.  Given these considerations, it's clear that running for President of India is significantly more expensive than buying a new iPhone 11.  Answer: Yes",yes,0,0,99,185,284,57.17,"k=def,trig=default,persona=revised,struct=on,mt=1500,T=0.0,sc=1",run_20260607_173356.csv,reasoning
strategyqa,standard_few_shot,46,Did any citizen of San Antonio vote for Boris Johnson?,no,"To answer the question, we must consider the likelihood of a citizen of San Antonio voting for Boris Johnson. Boris Johnson is a British politician who served as the Prime Minister of the United Kingdom. San Antonio is a city in the United States, and its citizens vote in American elections, not British ones. However, it's possible for a citizen of San Antonio to hold dual citizenship or to have been living in the UK at the time of an election, thus potentially being eligible to vote for Boris Johnson. Given the complexity of modern global mobility and the possibility of dual citizenship, it's reasonable to assume that it's not impossible for a San Antonio citizen to have voted for Boris Johnson under specific circumstances.  Answer: Yes",yes,0,0,91,143,234,16.77,"k=def,trig=default,persona=revised,struct=on,mt=1500,T=0.0,sc=1",run_20260607_173356.csv,reasoning
strategyqa,standard_few_shot,48,Was Kurt Cobain's death indirectly caused by Daniel LeFever?,yes,"To answer this question, we need to understand the circumstances surrounding Kurt Cobain's death and the role, if any, that Daniel LeFever played in it. Kurt Cobain, the lead singer of the band Nirvana, died on April 5, 1994, from a self-inflicted gunshot wound. The investigation into his death found that he had struggled with depression and drug addiction, factors that contributed to his decision to end his life.  Daniel LeFever was a friend of Kurt Cobain's and had been involved in the music scene in Seattle. However, there is no widely recognized or credible evidence to suggest that Daniel LeFever was directly or indirectly responsible for Kurt Cobain's death. The official investigation and most accounts point to Cobain's struggles with mental health and substance abuse as the primary factors leading to his death.  Given the information available and the lack of direct connection between Daniel LeFever's actions and Kurt Cobain's decision to end his life, it's reasonable to conclude that there is no established link between Daniel LeFever and the indirect cause of Kurt Cobain's death.  Answer: No",no,0,0,94,229,323,29.85,"k=def,trig=default,persona=revised,struct=on,mt=1500,T=0.0,sc=1",run_20260607_173356.csv,reasoning
strategyqa,standard_few_shot,59,"Is there a jukebox musical about a sweet transvestite from Transexual, Transylvania?",no,"To answer the second question, we need to consider if there's a well-known jukebox musical that features a character described as a ""sweet transvestite from Transsexual, Transylvania."" The character in question seems to be a reference to Dr. Frank-N-Furter from the 1975 musical film ""The Rocky Horror Picture Show."" While ""The Rocky Horror Picture Show"" is a musical and features the character Dr. Frank-N-Furter, who is indeed a sweet transvestite from Transylvania, it is not typically classified as a jukebox musical. A jukebox musical is a stage production that features music from a specific artist or band, woven into a narrative. ""The Rocky Horror Picture Show,"" however, features original music written for the film. Despite this, the spirit of the question seems to be asking about the existence of a musical with such a character, and given the iconic status of ""The Rocky Horror Picture Show"" and its stage adaptations, it's reasonable to interpret the question as being about the character's existence in a musical context.  Answer: Yes",yes,0,0,100,222,322,31.89,"k=def,trig=default,persona=revised,struct=on,mt=1500,T=0.0,sc=1",run_20260607_173356.csv,reasoning
strategyqa,standard_few_shot,63,Could  jockey win Triple Crown between Eid al-Fitr endpoints?,no,"To answer this question, let's break it down into parts. Eid al-Fitr is a significant holiday in the Islamic calendar, marking the end of Ramadan. Its dates vary each year on the Gregorian calendar because the Islamic calendar is a lunar calendar. The Triple Crown in horse racing consists of the Kentucky Derby, the Preakness Stakes, and the Belmont Stakes, typically taking place in May and June.  Given the variability of Eid al-Fitr's dates and the fixed schedule of the Triple Crown races, there is a possibility that the Triple Crown races could fall between the start and end of Eid al-Fitr, depending on the year. However, Eid al-Fitr itself is only a few days long, so unless the races are scheduled very closely to these dates, it's unlikely that all three races would occur during Eid al-Fitr.  Considering the question of whether a jockey could win the Triple Crown between Eid al-Fitr endpoints, it's essential to understand that the endpoints of Eid al-Fitr are not fixed in the Gregorian calendar and can vary significantly from year to year. The Triple Crown races are scheduled annually without consideration for the Islamic calendar. Therefore, the possibility of winning the Triple Crown during this time frame exists but would depend on the specific dates of Eid al-Fitr in any given year.  Given the nature of the question, it seems to be asking about the possibility rather than a specific instance. Thus, considering the variability of the dates and the fact that the Triple Crown races are held annually, it is possible for a jockey to win the Triple Crown during the period between the start and end of Eid al-Fitr in a year when the dates align.  Answer: Yes",yes,0,0,93,345,438,29.08,"k=def,trig=default,persona=revised,struct=on,mt=1500,T=0.0,sc=1",run_20260607_173356.csv,reasoning
strategyqa,standard_few_shot,69,Could you drive a Rowe 550 to the 2008 Summer Olympics?,yes,"To determine if you could drive a Rowe 550 to the 2008 Summer Olympics, let's break down the information needed to answer this question. The 2008 Summer Olympics took place in Beijing, China. A Rowe 550 is likely a model of amplifier or possibly another type of equipment, but without specific context, it's reasonable to assume it's not a vehicle. Given that the question involves driving to a location, it implies the need for a vehicle. Since a Rowe 550 is not a vehicle, it would not be possible to drive it to the 2008 Summer Olympics.  Answer: No",no,0,0,95,124,219,22.42,"k=def,trig=default,persona=revised,struct=on,mt=1500,T=0.0,sc=1",run_20260607_173356.csv,reasoning
strategyqa,standard_few_shot,75,Would the operating system of a Samsung Galaxy 1 sound edible?,yes,"To address the questions, we first consider the role of hamsters in the ecosystem. Hamsters are small rodents that can serve as a food source for various animals, including birds of prey, owls, hawks, foxes, and snakes. These predators hunt hamsters for their nutritional value, making them a part of the food chain.  Regarding the operating system of a Samsung Galaxy 1, the question of edibility is quite distinct. An operating system is a software component that manages computer hardware and software resources, providing a platform for running applications. It does not have a physical form and therefore cannot be considered edible. The term ""edible"" refers to substances that can be safely consumed by living organisms for nutrition. Since an operating system is an abstract, non-physical entity, it does not fit this definition.  Answer: No",no,0,0,93,169,262,20.1,"k=def,trig=default,persona=revised,struct=on,mt=1500,T=0.0,sc=1",run_20260607_173356.csv,reasoning
strategyqa,standard_few_shot,95,Do salmon mate in the Caspian Sea?,no,"To answer this question, we need to consider the mating habits of salmon and the geography of the Caspian Sea. Salmon are anadromous fish, which means they migrate from the ocean back to freshwater bodies to spawn. The Caspian Sea, being the world's largest inland body of water, is a saltwater lake with several major rivers flowing into it, such as the Volga River. Some species of salmon, like the Caspian salmon or the Taimen, have been known to inhabit the Caspian Sea basin. These fish would migrate up the rivers that flow into the Caspian Sea to mate. Therefore, considering the presence of salmon species in the Caspian Sea and their migratory behavior for mating, it is reasonable to conclude that salmon do mate in the rivers flowing into the Caspian Sea.  Answer: Yes",yes,0,0,90,175,265,37.08,"k=def,trig=default,persona=revised,struct=on,mt=1500,T=0.0,sc=1",run_20260607_173356.csv,reasoning
strategyqa,standard_few_shot,96,Is the title of Shirley Bassey's 1971 diamond song a true statement?,no,"To answer the question about Shirley Bassey's 1971 diamond song, we first need to identify the song. Shirley Bassey is known for her powerful voice and her iconic theme songs for the James Bond films. One of her most famous songs is ""Diamonds Are Forever,"" which was indeed released in 1971 as the theme song for the James Bond film of the same name.  The title ""Diamonds Are Forever"" can be interpreted in a few ways, but in the context of the song and the film, it refers to the durability and timelessness of diamonds, as well as the themes of love and loyalty that are forever.   In a literal sense, diamonds are known for their exceptional hardness and durability, making them essentially ""forever"" in terms of their resistance to wear and degradation. Therefore, the statement ""Diamonds Are Forever"" can be considered true, both in the poetic sense of the song and in the literal sense of the physical properties of diamonds.  Answer: Yes",yes,0,0,97,201,298,112.29,"k=def,trig=default,persona=revised,struct=on,mt=1500,T=0.0,sc=1",run_20260607_173356.csv,reasoning
strategyqa,standard_few_shot,99,Can a person be diagnosed with a Great Depression?,no,"To address the first question, hamsters do provide food for various animals in the wild, such as owls, hawks, foxes, and snakes, which prey on them.   Regarding the second question, the term ""Great Depression"" typically refers to a major economic downturn, such as the one that occurred in the 1930s. However, in the context of psychology, a person can be diagnosed with major depressive disorder, which is sometimes informally referred to as ""depression"" but not specifically as the ""Great Depression."" The term ""great depression"" might be used colloquially to describe a severe episode of depression, but clinically, it's major depressive disorder that's diagnosed.  Answer: Yes",yes,0,0,90,145,235,19.71,"k=def,trig=default,persona=revised,struct=on,mt=1500,T=0.0,sc=1",run_20260607_173356.csv,reasoning
strategyqa,zero_shot_cot,1,Is the tibia necessary to win the Stanley Cup?,yes,"To determine if the tibia is necessary to win the Stanley Cup, let's break down the components of the question. The tibia is a bone in the lower leg, crucial for support and movement in humans. The Stanley Cup, on the other hand, is a trophy awarded to the National Hockey League playoff champion. Winning the Stanley Cup involves a series of hockey games, requiring skill, teamwork, and physical endurance, including the ability to skate, which involves the legs. However, the specific necessity of the tibia, or any particular bone, in winning the Stanley Cup is not directly related to the outcome of hockey games. Many players have won the Stanley Cup with injuries or conditions affecting their bones, including the tibia, but the presence and health of the tibia are not criteria for winning. Thus, while having healthy legs, including the tibia, can be beneficial for a hockey player's performance, it is not a direct requirement for winning the Stanley Cup. The actual necessity lies in the team's overall performance, strategy, and adherence to the rules of the game.  Answer: No",no,0,0,84,222,306,5.61,"k=def,trig=default,persona=revised,struct=on,mt=1500,T=0.0,sc=1",run_20260607_173356.csv,reasoning
strategyqa,zero_shot_cot,6,Was  Godfrey of Bouillon an Islamaphobe?,yes,"To determine whether Godfrey of Bouillon was an Islamophobe, we need to consider the historical context and his actions. Godfrey of Bouillon was a leader of the First Crusade, which took place in the late 11th century. The Crusades were a series of religious wars initiated by the Catholic Church to reclaim the Holy Land from Muslim rule. The term ""Islamophobia"" refers to fear, prejudice, or hatred of Islam or Muslims.  Given the nature of the Crusades, it's clear that Godfrey of Bouillon and other Crusade leaders were involved in military campaigns against Muslim-controlled territories. However, the concept of Islamophobia as we understand it today, involving irrational fear or hatred, might not directly apply to the historical context of the Crusades. The Crusades were largely driven by religious and political motivations rather than an irrational fear of Islam.  It's also important to note that during Godfrey's time, the understanding of different cultures and religions was limited, and conflicts were often framed in religious terms. The actions of Godfrey and other Crusaders were more about reclaiming territories considered holy by Christians and expanding Christian influence rather than an expression of personal fear or irrational hatred towards Muslims.  Considering these factors, while Godfrey of Bouillon led military campaigns against Muslim territories, labeling him as an ""Islamophobe"" in the modern sense might not be entirely accurate, as it implies a specific kind of prejudice that may not fully capture the complexities of his historical context and motivations.  Answer: No",no,0,0,84,305,389,43.69,"k=def,trig=default,persona=revised,struct=on,mt=1500,T=0.0,sc=1",run_20260607_173356.csv,reasoning
strategyqa,zero_shot_cot,9,Is CAS number 8009-03-8 harmful for a rash?,no,"To determine if CAS number 8009-03-8 is harmful for a rash, we first need to identify what substance this CAS number refers to. CAS (Chemical Abstracts Service) numbers are unique identifiers for chemical substances. The CAS number 8009-03-8 refers to Turpentine, a solvent derived from pine resin. Turpentine is known for its use in painting and as a solvent, but it also has historical medical uses, including as a topical treatment for various skin conditions due to its antiseptic and anti-inflammatory properties. However, its use on a rash could be harmful depending on the type of rash, the concentration of turpentine, and individual skin sensitivity. Turpentine can cause skin irritation, including redness, itching, and blistering, especially if used undiluted or on broken skin. Therefore, applying turpentine to a rash without proper dilution and medical guidance could exacerbate the condition rather than alleviate it.  Answer: Yes",yes,0,0,88,201,289,3.18,"k=def,trig=default,persona=revised,struct=on,mt=1500,T=0.0,sc=1",run_20260607_173356.csv,reasoning
strategyqa,zero_shot_cot,10,Is the Asian black bear multicolored?,yes,"To determine if the Asian black bear is multicolored, let's consider the characteristics of this species. The Asian black bear (Ursus thibetanus) is known for its distinct V-shaped white chest marking, which can vary in shape and size. However, the primary fur color of the Asian black bear is usually black, but it can also appear blue-gray or even brown in some subspecies. Despite these variations, the term ""multicolored"" typically implies a more pronounced display of several colors. While the Asian black bear does exhibit some color variation, including the white chest marking and potential differences in fur color across subspecies, it is not generally described as multicolored in the same way as animals with highly varied and mixed color patterns.  Answer: No",no,0,0,82,157,239,3.05,"k=def,trig=default,persona=revised,struct=on,mt=1500,T=0.0,sc=1",run_20260607_173356.csv,reasoning
strategyqa,zero_shot_cot,30,Would a caracal be defeated by Javier Sotomayor in a high jump competition?,no,"To determine if a caracal would be defeated by Javier Sotomayor in a high jump competition, let's consider the abilities of both competitors. Javier Sotomayor is a renowned Cuban high jumper, known for being the first person to clear 2.45 meters (8 feet 1/2 inch) in the high jump event. He holds the world record in the high jump, which has stood for many years.  On the other hand, a caracal is a medium-sized wild cat native to Africa, the Middle East, Central Asia, and India. Caracals are known for their agility, flexibility, and jumping ability. They are capable of jumping very high relative to their body size, with reports suggesting they can leap up to 10 feet (3.04 meters) in a single bound. However, this jumping ability is more related to their hunting and climbing skills rather than participating in a formal high jump competition setting.  Given the context of a high jump competition, which requires clearing a horizontal bar set at increasing heights, Javier Sotomayor's specialized training, technique, and world-record performance would give him a significant advantage. While a caracal's vertical jump is impressive for its size, translating this into clearing a high jump bar in a competition setting is a different matter. The caracal's jumping technique, which involves explosive power from its hind legs, is suited for its natural environment rather than the precise, technical requirements of a high jump competition.  Considering these factors, it's reasonable to conclude that in a formal high jump competition setting, Javier Sotomayor's skill, technique, and experience would far surpass the caracal's natural jumping ability, leading to the caracal being defeated.  Answer: Yes",yes,0,0,93,360,453,15.32,"k=def,trig=default,persona=revised,struct=on,mt=1500,T=0.0,sc=1",run_20260607_173356.csv,reasoning
strategyqa,zero_shot_cot,31,Is a curling iron necessary in curling?,no,"To determine if a curling iron is necessary in curling, let's break down the process and tools involved in the sport of curling and the act of curling hair.  1. **Understanding Curling**: First, it's essential to differentiate between the sport of curling and the act of curling hair. The sport of curling involves sliding stones across ice towards a target, with players using brooms to sweep the ice and control the stone's trajectory. In this context, a curling iron has no relevance.  2. **Curling Hair**: On the other hand, curling hair involves using heat styling tools to create curls or waves in hair. A curling iron is a common tool used for this purpose. It consists of a heated barrel around which hair is wrapped to achieve the desired curl.  3. **Necessity of a Curling Iron in Hair Curling**: Given that a curling iron is specifically designed for curling hair, it is indeed a necessary tool for achieving this hairstyle. While there are other methods to curl hair, such as using rollers, braids, or twist styles, a curling iron is the most direct and efficient way to create a variety of curl types and sizes.  4. **Conclusion**: Based on the distinction between the sport of curling and the act of curling hair, and understanding the role of a curling iron in the latter, it's clear that a curling iron is necessary for curling hair.  Answer: Yes",yes,0,0,83,303,386,4.8,"k=def,trig=default,persona=revised,struct=on,mt=1500,T=0.0,sc=1",run_20260607_173356.csv,extraction
strategyqa,zero_shot_cot,32,Did King James I despise fairy beings?,yes,"To answer this question, we need to consider the historical context and the beliefs of King James I of England. King James I, who ruled from 1567 to 1625, was known for his interest in witchcraft and the supernatural. In 1597, he wrote a book titled ""Daemonologie,"" which discussed witchcraft, demons, and other supernatural entities.   In ""Daemonologie,"" King James I expressed his belief in the existence of witches and the supernatural. However, his views on fairy beings are more complex. During his time, the concept of fairies was deeply rooted in folklore, and people believed in their existence.   While King James I did discuss the supernatural, including entities that could be considered fairy-like, his primary focus was on the dangers of witchcraft and demonic influence. The idea of fairies as mischievous but generally benign beings was present in folklore, but King James I's writings do not specifically express a strong dislike or disdain for fairy beings themselves. Instead, his concern was more with the perceived evil of witchcraft.  Given the information available, it seems that King James I's primary preoccupation was with what he considered evil or demonic forces rather than a specific dislike for fairy beings.   Answer: No",no,0,0,82,252,334,5.24,"k=def,trig=default,persona=revised,struct=on,mt=1500,T=0.0,sc=1",run_20260607_173356.csv,reasoning
strategyqa,zero_shot_cot,38,"If your electric stove has a glass top, should you use cast iron skillets?",no,"To determine whether you should use cast iron skillets on a glass top electric stove, let's consider a few factors. First, cast iron skillets are known for their heat retention and distribution properties, which can be beneficial for cooking. However, they can also be quite heavy and have rough bottoms, which might pose a risk to the glass surface of the stove.  One of the main concerns with using cast iron on a glass top stove is the potential for scratching or cracking the glass. The rough texture of the cast iron can scratch the glass if it's dragged across the surface, and if the skillet is dropped, it could potentially crack the glass. Additionally, uneven heating or sudden temperature changes can cause the glass to expand and contract, which might lead to damage over time if not managed carefully.  Despite these risks, many manufacturers of glass top stoves and cast iron cookware suggest that cast iron can be used on glass top stoves, provided certain precautions are taken. These precautions include ensuring the skillet is completely dry before placing it on the stove (to prevent water spots from forming), avoiding sliding the skillet across the stove's surface, and not using metal utensils that could scratch the glass.  Given these considerations, it seems that with proper care and caution, cast iron skillets can indeed be used on glass top electric stoves.  Answer: Yes",yes,0,0,91,274,365,5.87,"k=def,trig=default,persona=revised,struct=on,mt=1500,T=0.0,sc=1",run_20260607_173356.csv,reasoning
strategyqa,zero_shot_cot,43,Would you hire someone with dyscalculia to do surveying work?,no,"To determine whether someone with dyscalculia can do surveying work, let's consider what dyscalculia is and the requirements of surveying. Dyscalculia is a learning disorder that involves difficulty in learning or comprehending mathematics, particularly with numbers and basic arithmetic operations. Surveying, on the other hand, involves measuring the distances, angles, and positions of boundaries and other features of the earth's surface, which requires mathematical calculations and spatial awareness.  While dyscalculia presents challenges with mathematical tasks, it does not necessarily preclude someone from performing jobs that require math, especially with the aid of technology and accommodations. Many surveying tasks can be assisted by calculators, computer software, and other tools that reduce the need for manual calculations. Additionally, the ability to understand spatial relationships and visualize landscapes can be as important in surveying as mathematical skills.  Moreover, the concept of reasonable accommodation in the workplace, as mandated by laws in many countries, requires employers to provide adjustments to help individuals with disabilities perform their jobs. For someone with dyscalculia, this could include providing additional time to complete mathematical tasks, using specialized software, or working in a team where tasks can be divided based on individual strengths.  Considering these factors, it's clear that with the right accommodations and support, someone with dyscalculia could potentially excel in surveying work, especially if they have strengths in other areas relevant to the job, such as spatial reasoning, attention to detail, or communication skills.  Answer: Yes",yes,0,0,87,298,385,5.79,"k=def,trig=default,persona=revised,struct=on,mt=1500,T=0.0,sc=1",run_20260607_173356.csv,reasoning
strategyqa,zero_shot_cot,44,Is it more expensive to run for President of India than to buy a new iPhone 11?,no,"To determine whether it is more expensive to run for President of India than to buy a new iPhone 11, let's consider the costs associated with each.  Running for President of India involves a significant amount of money for various expenses such as campaign travel, advertising, rallies, and other promotional activities. Although the exact cost can vary widely depending on the candidate's strategy and reach, it is generally in the range of crores (tens of millions) of Indian rupees due to the vast population and geographical span of the country.  On the other hand, the cost of a new iPhone 11 can vary depending on the model and storage capacity but is generally in the range of ₹50,000 to ₹100,000 (approximately $650 to $1,300 USD).  Given these estimates, the cost of running for President of India far exceeds the cost of buying a new iPhone 11, making the former significantly more expensive.  Answer: Yes",yes,0,0,92,190,282,10.48,"k=def,trig=default,persona=revised,struct=on,mt=1500,T=0.0,sc=1",run_20260607_173356.csv,reasoning
strategyqa,zero_shot_cot,46,Did any citizen of San Antonio vote for Boris Johnson?,no,"To answer this question, let's break it down into steps:  1. **Understanding the Context**: Boris Johnson is a British politician who served as the Prime Minister of the United Kingdom. Elections for the Prime Minister of the United Kingdom are limited to citizens of the UK.  2. **Voting Eligibility**: Generally, to vote in UK elections, one must be a British citizen, a qualifying citizen of a Commonwealth country (including those who have lived in the UK), or a citizen of the Republic of Ireland, and be registered to vote.   3. **San Antonio Connection**: San Antonio is a city in the United States. While it's possible for citizens of San Antonio (or any other U.S. city) to also hold British citizenship, the question implies a scenario where a citizen of San Antonio, presumably a U.S. citizen, might vote for Boris Johnson.  4. **Dual Citizenship Consideration**: Some individuals hold dual citizenship, which could potentially include U.S. and UK citizenship. If a citizen of San Antonio also holds British citizenship, they could theoretically vote in UK elections, including those where Boris Johnson was a candidate.  5. **Conclusion**: Without specific information about individual voters, we can't definitively say no citizen of San Antonio voted for Boris Johnson, especially considering the possibility of dual citizenship.  Answer: Yes",yes,0,0,84,269,353,8.29,"k=def,trig=default,persona=revised,struct=on,mt=1500,T=0.0,sc=1",run_20260607_173356.csv,extraction
strategyqa,zero_shot_cot,48,Was Kurt Cobain's death indirectly caused by Daniel LeFever?,yes,"To answer this question, let's break down the information and analyze it step by step:  1. **Understanding the Question**: The question asks whether Daniel LeFever was indirectly responsible for Kurt Cobain's death. This implies we need to establish a connection, however indirect, between Daniel LeFever and the events leading to Kurt Cobain's death.  2. **Kurt Cobain's Death**: Kurt Cobain, the lead singer of Nirvana, died on April 5, 1994, from a self-inflicted gunshot wound. His death was a result of his long struggle with depression, drug addiction, and the pressures of fame.  3. **Daniel LeFever**: To assess the potential connection, we need information on who Daniel LeFever is and how he might be connected to Kurt Cobain or the circumstances surrounding his death. However, without specific details on Daniel LeFever's relationship or actions related to Kurt Cobain, it's challenging to draw a direct or indirect link.  4. **Possible Connections**: For Daniel LeFever to be indirectly responsible, he would have had to influence Kurt Cobain's life in a significant way, possibly through their interactions, actions, or by providing him with the means (e.g., the gun) that led to his death. Without concrete evidence or a known connection between the two, it's speculative to assume such a link exists.  5. **Conclusion**: Given the lack of specific information connecting Daniel LeFever to Kurt Cobain's death and considering the well-documented struggles and circumstances that led to Cobain's suicide, it's reasonable to conclude that there's no established indirect causation by Daniel LeFever.  Answer: No",no,0,0,87,345,432,5.3,"k=def,trig=default,persona=revised,struct=on,mt=1500,T=0.0,sc=1",run_20260607_173356.csv,reasoning
strategyqa,zero_shot_cot,59,"Is there a jukebox musical about a sweet transvestite from Transexual, Transylvania?",no,"To answer this question, let's break it down step by step:  1. **Understanding the Question**: The question asks about a jukebox musical featuring a character described as a ""sweet transvestite"" from a place called ""Transexual, Transylvania."" This immediately suggests a connection to a well-known story or musical.  2. **Identifying the Character**: The term ""sweet transvestite"" is a direct reference to a character from a popular musical. This character is known for being from Transylvania, which aligns with the question's details.  3. **Connecting to Known Musicals**: One of the most famous musicals that fits this description is ""The Rocky Horror Show"" (and its film adaptation ""The Rocky Horror Picture Show""). The main character, Dr. Frank-N-Furter, is indeed a sweet transvestite from Transylvania.  4. **Jukebox Musical Clarification**: A jukebox musical is a stage production that features music not originally written for the show but rather compiled from an artist's or band's existing catalog. While ""The Rocky Horror Show"" is not typically classified as a jukebox musical (since its music was written specifically for the show), it does fit the broader context of being a musical with a significant focus on its soundtrack.  5. **Conclusion**: Given the details provided in the question, it seems to point towards ""The Rocky Horror Show,"" which, while not a traditional jukebox musical, is a musical featuring a character that matches the description provided.  Answer: Yes",yes,0,0,93,314,407,10.4,"k=def,trig=default,persona=revised,struct=on,mt=1500,T=0.0,sc=1",run_20260607_173356.csv,reasoning
strategyqa,zero_shot_cot,66,Is tobacco use made to seem enjoyable in Alice's Adventures in Wonderland?,yes,"To answer this question, let's consider the context and content of ""Alice's Adventures in Wonderland"" by Lewis Carroll. The story is a classic fantasy novel written for children, published in 1865. It follows the adventures of a young girl named Alice who falls into a rabbit hole and enters a fantastical world called Wonderland.  In the story, there is a character known as the Hookah-Smoking Caterpillar. This character is often associated with tobacco use because of the hookah, which is a device used for smoking tobacco or other substances. The Caterpillar is depicted as a wise and somewhat mysterious figure who offers Alice advice and helps her navigate Wonderland.  However, it's crucial to consider how tobacco use is portrayed through the Caterpillar's character. The story does not explicitly glorify or promote tobacco use. Instead, the Caterpillar's smoking is more of a quirky characteristic that adds to the fantastical and surreal nature of Wonderland. The focus is on the adventure, logic, and absurdity of the situations Alice encounters, rather than on promoting or depicting tobacco use as enjoyable or desirable.  Given the context and the fact that the story is aimed at children, it's unlikely that Lewis Carroll intended to portray tobacco use as enjoyable. The depiction of the Hookah-Smoking Caterpillar is more about creating a vivid and imaginative character within the fantasy world than about promoting tobacco use.  Answer: No",no,0,0,87,282,369,7.97,"k=def,trig=default,persona=revised,struct=on,mt=1500,T=0.0,sc=1",run_20260607_173356.csv,reasoning
strategyqa,zero_shot_cot,69,Could you drive a Rowe 550 to the 2008 Summer Olympics?,yes,"To determine if you could drive a Rowe 550 to the 2008 Summer Olympics, let's break down the necessary considerations:  1. **Location of the 2008 Summer Olympics**: The 2008 Summer Olympics were held in Beijing, China. This means we need to consider the feasibility of driving from various starting points to Beijing.  2. **Rowe 550**: The Rowe 550 is an amusement arcade game, not a vehicle. It's a model of arcade machine designed for playing various video games.  3. **Driving Feasibility**: Given that the Rowe 550 is not a vehicle, it cannot be driven. It is an electronic device designed for indoor use in amusement arcades or similar settings.  4. **Conclusion**: Since the Rowe 550 is not capable of being driven due to its nature as an arcade game machine, it would not be possible to drive it to the 2008 Summer Olympics or any other location.  Answer: No",no,0,0,88,195,283,48.95,"k=def,trig=default,persona=revised,struct=on,mt=1500,T=0.0,sc=1",run_20260607_173356.csv,reasoning
strategyqa,zero_shot_cot,75,Would the operating system of a Samsung Galaxy 1 sound edible?,yes,"To determine if the operating system of a Samsung Galaxy 1 sounds edible, let's break down the components of the question. The operating system is the software that manages computer hardware and software resources, providing common services for computer programs. For the Samsung Galaxy 1, which is an Android device, the operating system would be Android.   Android, as a name, does not inherently suggest something edible. It is a term derived from the word ""android,"" meaning a robot resembling a human being. However, the question seems to be playing with the idea of whether the name ""Android"" sounds like something you could eat.  Considering the name ""Android"" itself, it doesn't directly evoke the idea of food. But, to address the question's apparent intent to consider if it ""sounds edible,"" we must think about if there's any common food item or word related to eating that sounds similar to ""Android."" There isn't a direct correlation or a well-known food item by that name.  Given this analysis, the conclusion would be based on whether the term ""Android"" has any auditory or phonetic similarity to known edible items or if the question is attempting to make a humorous or abstract connection. Since ""Android"" does not have a direct or indirect reference to something edible based on its name or common usage, the answer to whether it sounds edible would be negative.  Answer: No",no,0,0,86,277,363,26.17,"k=def,trig=default,persona=revised,struct=on,mt=1500,T=0.0,sc=1",run_20260607_173356.csv,reasoning
strategyqa,zero_shot_cot,77,Would Shaggy and Redenbacher popcorn founder both raise hand during first name roll call?,yes,"To answer this question, let's break it down step by step:  1. **Identify the first names**: We need to know the first names of both Shaggy and the Redenbacher popcorn founder. Shaggy, a character from the popular cartoon series ""Scooby-Doo,"" has the first name ""Norville"" but is commonly known as Shaggy. The founder of Orville Redenbacher's popcorn is Orville Redenbacher.  2. **Determine the roll call scenario**: The question implies a scenario where individuals are called by their first names. In this context, we're considering whether both Shaggy (whose actual first name is Norville but is commonly referred to as Shaggy) and Orville Redenbacher would raise their hands during a roll call that uses first names.  3. **Consider the names**: Shaggy's legal first name is Norville, and Orville Redenbacher's first name is Orville. If the roll call uses the name ""Orville"" for Orville Redenbacher, he would raise his hand. However, since Shaggy's first name is Norville, not Orville or Shaggy in a formal sense, he would not raise his hand if ""Orville"" is called.  4. **Conclusion**: Given that one is known as Shaggy (with the first name Norville) and the other is Orville, during a first-name roll call, they would not both raise their hands in response to the same name being called, as their first names are different.  Answer: No",no,0,0,93,331,424,29.85,"k=def,trig=default,persona=revised,struct=on,mt=1500,T=0.0,sc=1",run_20260607_173356.csv,reasoning
strategyqa,zero_shot_cot,87,Can lettuce result in spontaneous abortion?,yes,"To address the question of whether lettuce can result in spontaneous abortion, we need to consider the potential effects of lettuce consumption on pregnancy. Lettuce itself is a common vegetable consumed worldwide and is generally considered safe to eat during pregnancy. However, the concern might arise from certain conditions or contaminants rather than the lettuce plant itself. For example, if lettuce is contaminated with pathogens like Listeria, Salmonella, or E. coli, it could potentially cause food poisoning. Severe food poisoning can lead to complications in pregnancy, including the risk of miscarriage or spontaneous abortion, especially if the infection is not promptly and properly treated.  Another consideration is the potential for lettuce to be contaminated with pesticides or other harmful substances, though this is more of a general concern related to farming practices rather than a specific risk associated with lettuce that could lead to spontaneous abortion.  In terms of direct causation, there is no well-documented scientific evidence to suggest that consuming lettuce, in and of itself, can cause spontaneous abortion. The risks associated with lettuce are more related to external factors such as contamination rather than any inherent property of the lettuce plant.  Therefore, considering the information and focusing on the direct question, the answer would reflect the lack of direct evidence linking lettuce consumption to spontaneous abortion.  Answer: No",no,0,0,80,256,336,68.82,"k=def,trig=default,persona=revised,struct=on,mt=1500,T=0.0,sc=1",run_20260607_173356.csv,reasoning
strategyqa,zero_shot_cot,96,Is the title of Shirley Bassey's 1971 diamond song a true statement?,no,"To answer this question, let's break it down step by step:  1. **Identify the Song**: The first step is to identify the song in question. Shirley Bassey is known for several iconic songs, but the reference to a ""1971 diamond song"" likely points to ""Diamonds Are Forever."" This song was indeed released in 1971 as the theme for the James Bond film of the same name.  2. **Understand the Title**: The next step is to understand the title ""Diamonds Are Forever."" This phrase can be interpreted in a few ways, but primarily it suggests that diamonds are eternal or last forever.  3. **Evaluate the Truth of the Statement**: Diamonds are known for their exceptional hardness and durability, which makes them very long-lasting. However, the statement ""Diamonds Are Forever"" can be seen as somewhat hyperbolic. In a geological sense, diamonds can indeed last for billions of years under normal conditions due to their hardness. However, they are not indestructible; under extreme conditions such as very high temperatures and pressures, diamonds can burn or be deformed.  4. **Conclusion**: Considering the durability and the common understanding of diamonds, the title can be seen as a true statement in the context of human timescales and everyday conditions. Diamonds, for all practical purposes, can be considered to last forever when compared to the lifespan of human beings and most other materials.  Answer: Yes",yes,0,0,90,289,379,225.87,"k=def,trig=default,persona=revised,struct=on,mt=1500,T=0.0,sc=1",run_20260607_173356.csv,reasoning
strategyqa,persona_prompting,1,Is the tibia necessary to win the Stanley Cup?,yes,"1. The Stanley Cup is awarded to the National Hockey League playoff champion. 2. Winning the Stanley Cup requires a team's collective hockey skills and strategy. 3. The tibia, a bone in the lower leg, is not directly related to the skills or strategies involved in winning the Stanley Cup. Answer: No",no,0,0,108,64,172,4.73,"k=def,trig=default,persona=revised,struct=on,mt=1500,T=0.0,sc=1",run_20260607_173356.csv,reasoning
strategyqa,persona_prompting,9,Is CAS number 8009-03-8 harmful for a rash?,no,"1. CAS number 8009-03-8 refers to Turpentine, a chemical substance. 2. Turpentine is known to be irritating to the skin and can exacerbate conditions like a rash. 3. Applying or exposing a rash to Turpentine could worsen the condition due to its irritating properties.  Answer: Yes",yes,0,0,112,69,181,2.26,"k=def,trig=default,persona=revised,struct=on,mt=1500,T=0.0,sc=1",run_20260607_173356.csv,reasoning
strategyqa,persona_prompting,30,Would a caracal be defeated by Javier Sotomayor in a high jump competition?,no,"1. Javier Sotomayor is a human and a renowned high jumper, holding the world record in the event. 2. A caracal is a wild cat, not known for its high jumping ability in comparison to trained human athletes. 3. Given the physical abilities and training of Javier Sotomayor, he would likely outperform a caracal in a high jump competition.  Answer: Yes",yes,0,0,117,85,202,13.83,"k=def,trig=default,persona=revised,struct=on,mt=1500,T=0.0,sc=1",run_20260607_173356.csv,reasoning
strategyqa,persona_prompting,37,Is MIX a word and a roman numeral?,yes,"1. ""MIX"" can be considered a word as it refers to combining things. 2. ""MIX"" is not a standard roman numeral, roman numerals are typically represented using letters like I, V, X, etc., and ""MIX"" does not directly represent a number in this system, although ""X"" in ""MIX"" is a roman numeral, the combination ""MIX"" itself isn't. 3. However, considering ""MIX"" as a combination of letters where each letter has a roman numeral value (M=1000, I=1, X=10), it could be argued that ""MIX"" represents the number 1011, but this is a stretch and not a conventional use of roman numerals.  Answer: No",no,0,0,106,158,264,3.51,"k=def,trig=default,persona=revised,struct=on,mt=1500,T=0.0,sc=1",run_20260607_173356.csv,reasoning
strategyqa,persona_prompting,44,Is it more expensive to run for President of India than to buy a new iPhone 11?,no,"Step 1: The cost of running for President of India involves significant campaign expenses, travel, and advertising, which can amount to millions or even billions of rupees. Step 2: In contrast, the cost of a new iPhone 11 is around $500-$700 (approximately 37,000-52,000 rupees). Step 3: Comparing these costs, it's clear that running for President of India is vastly more expensive than buying a new iPhone 11. Answer: Yes",yes,0,0,116,102,218,1.99,"k=def,trig=default,persona=revised,struct=on,mt=1500,T=0.0,sc=1",run_20260607_173356.csv,reasoning
strategyqa,persona_prompting,48,Was Kurt Cobain's death indirectly caused by Daniel LeFever?,yes,"1. Kurt Cobain's death was caused by a self-inflicted gunshot wound. 2. There is no known direct connection between Daniel LeFever and Kurt Cobain's death. 3. Without a direct or indirect link, such as LeFever being involved in events leading to Cobain's decision, it's unlikely LeFever was a cause. Answer: No",no,0,0,111,76,187,1.98,"k=def,trig=default,persona=revised,struct=on,mt=1500,T=0.0,sc=1",run_20260607_173356.csv,reasoning
strategyqa,persona_prompting,51,Do all of the African regions that participated in the Portugese Colonial War share an official language?,yes,"1. The Portuguese Colonial War involved various African regions, including Angola, Mozambique, and Guinea-Bissau. 2. These regions have different official languages, such as Portuguese, Umbundu, and Portuguese-based creoles, but also local languages like Kimbundu and Cokwe in Angola. 3. Not all of these regions share the same official language, as each has its own set of languages, although Portuguese is common among them.  Answer: No",no,0,0,116,95,211,2.48,"k=def,trig=default,persona=revised,struct=on,mt=1500,T=0.0,sc=1",run_20260607_173356.csv,reasoning
strategyqa,persona_prompting,59,"Is there a jukebox musical about a sweet transvestite from Transexual, Transylvania?",no,"1. The character description matches the main character in the musical ""The Rocky Horror Show"". 2. ""The Rocky Horror Show"" is a musical with a story and songs, and it features a character known as a sweet transvestite from Transylvania. 3. This character and setting are iconic in the musical, which is often classified as a jukebox musical or a rock musical, and it fits the given description.  Answer: Yes",yes,0,0,117,89,206,21.83,"k=def,trig=default,persona=revised,struct=on,mt=1500,T=0.0,sc=1",run_20260607_173356.csv,reasoning
strategyqa,persona_prompting,63,Could  jockey win Triple Crown between Eid al-Fitr endpoints?,no,"1. Eid al-Fitr is a movable feast that depends on the lunar calendar, making its dates variable each year. 2. The Triple Crown consists of the Kentucky Derby, the Preakness Stakes, and the Belmont Stakes, which are typically held in May and June. 3. Given the variability of Eid al-Fitr's dates, there could be years where the Triple Crown races fall between the start and end of Eid al-Fitr celebrations, but it's not guaranteed every year. Answer: Yes",yes,0,0,110,104,214,2.02,"k=def,trig=default,persona=revised,struct=on,mt=1500,T=0.0,sc=1",run_20260607_173356.csv,reasoning
strategyqa,persona_prompting,69,Could you drive a Rowe 550 to the 2008 Summer Olympics?,yes,"1. The Rowe 550 is an amplifier, not a vehicle. 2. Amplifiers are electronic devices and cannot be driven as vehicles. 3. The 2008 Summer Olympics would require a physical presence, which an amplifier cannot achieve by being ""driven"" there.  Answer: No",no,0,0,112,59,171,1.19,"k=def,trig=default,persona=revised,struct=on,mt=1500,T=0.0,sc=1",run_20260607_173356.csv,reasoning
strategyqa,persona_prompting,74,Did University of Pittsburgh founder have great deal in common with Judith Sheindlin?,yes,"1. The University of Pittsburgh was founded by Hugh Henry Brackenridge, and information about his life and career is available. 2. Judith Sheindlin, also known as Judge Judy, is a well-known television personality and former judge, with her own distinct background and career. 3. There is no widely recognized connection between Hugh Henry Brackenridge and Judith Sheindlin that suggests they had a great deal in common. Answer: No",no,0,0,113,91,204,1.7,"k=def,trig=default,persona=revised,struct=on,mt=1500,T=0.0,sc=1",run_20260607_173356.csv,reasoning
strategyqa,persona_prompting,75,Would the operating system of a Samsung Galaxy 1 sound edible?,yes,"1. The operating system of a Samsung Galaxy is software, not a physical object. 2. Software is an intangible collection of code and instructions. 3. Intangible things cannot be eaten or sound edible. Answer: No",no,0,0,110,46,156,1.68,"k=def,trig=default,persona=revised,struct=on,mt=1500,T=0.0,sc=1",run_20260607_173356.csv,reasoning
strategyqa,persona_prompting,77,Would Shaggy and Redenbacher popcorn founder both raise hand during first name roll call?,yes,"1. The first name of the founder of Orville Redenbacher popcorn is Orville. 2. Shaggy's first name is indeed Shaggy, but the founder's first name is Orville, so they would not have the same first name to respond to. 3. Since they have different first names, they would not both raise their hand during the same first name roll call.  Answer: No",no,0,0,117,85,202,1.84,"k=def,trig=default,persona=revised,struct=on,mt=1500,T=0.0,sc=1",run_20260607_173356.csv,reasoning
strategyqa,persona_prompting,87,Can lettuce result in spontaneous abortion?,yes,"1. Lettuce is a common vegetable consumed by people, including pregnant women, without specific warnings about spontaneous abortion. 2. There is no widely recognized or documented link between lettuce consumption and spontaneous abortion in medical literature. 3. Without evidence of a direct link, it's reasonable to conclude that lettuce does not typically result in spontaneous abortion.  Answer: No",no,0,0,104,72,176,7.33,"k=def,trig=default,persona=revised,struct=on,mt=1500,T=0.0,sc=1",run_20260607_173356.csv,reasoning
strategyqa,persona_prompting,96,Is the title of Shirley Bassey's 1971 diamond song a true statement?,no,"1. The title of Shirley Bassey's 1971 song is ""Diamonds Are Forever"". 2. ""Diamonds Are Forever"" is a statement that can be evaluated for truth. 3. Diamonds are known for their exceptional hardness and durability, making the statement ""Diamonds Are Forever"" a figurative expression of their lasting nature, which is generally considered true in the context it's used. Answer: Yes",yes,0,0,114,84,198,2.67,"k=def,trig=default,persona=revised,struct=on,mt=1500,T=0.0,sc=1",run_20260607_173356.csv,reasoning
